<?xml version='1.0' encoding='utf-8'?>
<!DOCTYPE hibernate-configuration PUBLIC
        "-//Hibernate/Hibernate Configuration DTD 3.0//EN"
        "http://hibernate.sourceforge.net/hibernate-configuration-3.0.dtd">
<hibernate-configuration>
	<session-factory>
		<!-- Database connection settings -->
	<property name="connection.driver_class">com.mysql.cj.jdbc.Driver</property>
		<property name="connection.url">jdbc:mysql://localhost:3306/Project1</property>
		<property name="connection.username">root</property>
		<property name="connection.password">Rashmitha@890</property>
		<!-- JDBC connection pool (use the built-in) -->
		<!-- <property name="connection.pool_size">1</property>  -->
		<!-- SQL dialect -->
		<property name="dialect">org.hibernate.dialect.MySQL8Dialect</property>
		<property name="hbm2ddl.auto">update</property>
		<!-- Enable Hibernate's automatic session context management -->
		<!-- <property name="current_session_context_class">thread</property>  -->
	<!-- Disable the second-level cache -->
	
    <!--    <property name="cache.provider_class">org.hibernate.cache.NoCacheProvider</property> -->
		<!-- Echo all executed SQL to stdout -->
		<property name="show_sql">true</property>
		<!-- Drop and re-create the database schema on startup -->
		<!-- <property name="hbm2ddl.auto">update</property> -->
		<!-- <property name="hbm2ddl.auto">validate</property> -->
		<!-- <property name="hbm2ddl.auto">validate</property> -->
		<!-- <property name="hbm2ddl.auto">update</property> -->
		<!-- validate: validate the schema, makes no changes to the database. existing 
			schema update: update the schema.only update your schema once created create: 
			creates the schema, destroying previous data. create schema every time create-drop: 
			drop the schema at the end of the session. -->
		 <!-- <mapping resource="com/hcl/entity/employee.hbm.xml"/> -->
		<mapping class="com.ers.entity.SignupEntity" />
		<mapping class="com.ers.entity.LoginCredentialsEntity" />
		<mapping class="com.ers.entity.ReimbursementRequestEntity" />
		
	</session-factory>
</hibernate-configuration>